{
  "accuracy": 0.4478061896549383,
  "macro_f1": 0.3753350028709032,
  "report": {
    "1": {
      "precision": 0.5426985482493595,
      "recall": 0.611645813282002,
      "f1-score": 0.5751131221719457,
      "support": 12468.0
    },
    "2": {
      "precision": 0.5159198843691927,
      "recall": 0.4248597177350791,
      "f1-score": 0.4659828422230511,
      "support": 29405.0
    },
    "3": {
      "precision": 0.45250059822924144,
      "recall": 0.3894151565074135,
      "f1-score": 0.4185943552850028,
      "support": 24280.0
    },
    "4": {
      "precision": 0.30367166651329713,
      "recall": 0.4514981529621015,
      "f1-score": 0.36311619718309857,
      "support": 7309.0
    },
    "5": {
      "precision": 0.028254847645429362,
      "recall": 0.576271186440678,
      "f1-score": 0.05386849749141801,
      "support": 177.0
    },
    "accuracy": 0.4478061896549383,
    "macro avg": {
      "precision": 0.368609109001304,
      "recall": 0.49073800538545476,
      "f1-score": 0.3753350028709032,
      "support": 73639.0
    },
    "weighted avg": {
      "precision": 0.4773047100454112,
      "recall": 0.4478061896549383,
      "f1-score": 0.4576346479229179,
      "support": 73639.0
    }
  },
  "cm": [
    [
      7626,
      2741,
      1327,
      499,
      275
    ],
    [
      4711,
      12493,
      8446,
      2621,
      1134
    ],
    [
      1363,
      7817,
      9455,
      4408,
      1237
    ],
    [
      342,
      1146,
      1659,
      3300,
      862
    ],
    [
      10,
      18,
      8,
      39,
      102
    ]
  ],
  "label": "XGBoost"
}