{
  "accuracy": 0.3667621776504298,
  "macro_f1": 0.2965102234544328,
  "report": {
    "1": {
      "precision": 0.3727403156384505,
      "recall": 0.6251203079884504,
      "f1-score": 0.4670142009706993,
      "support": 12468.0
    },
    "2": {
      "precision": 0.48628019692401636,
      "recall": 0.4333276653630335,
      "f1-score": 0.45827938426125736,
      "support": 29405.0
    },
    "3": {
      "precision": 0.4391766882516189,
      "recall": 0.15642504118616146,
      "f1-score": 0.23068513119533526,
      "support": 24280.0
    },
    "4": {
      "precision": 0.2639958911145352,
      "recall": 0.3516212888220003,
      "f1-score": 0.3015724008448721,
      "support": 7309.0
    },
    "5": {
      "precision": 0.012771705759548078,
      "recall": 0.5875706214689266,
      "f1-score": 0.025,
      "support": 177.0
    },
    "accuracy": 0.3667621776504298,
    "macro avg": {
      "precision": 0.3149929595376338,
      "recall": 0.43081298496571446,
      "f1-score": 0.2965102234544328,
      "support": 73639.0
    },
    "weighted avg": {
      "precision": 0.42832482783247716,
      "recall": 0.3667621776504298,
      "f1-score": 0.36812138968621055,
      "support": 73639.0
    }
  },
  "cm": [
    [
      7794,
      2805,
      500,
      466,
      903
    ],
    [
      7759,
      12742,
      3641,
      2585,
      2678
    ],
    [
      4362,
      9169,
      3798,
      4083,
      2868
    ],
    [
      980,
      1471,
      698,
      2570,
      1590
    ],
    [
      15,
      16,
      11,
      31,
      104
    ]
  ],
  "label": "LogisticRegression"
}