{
  "accuracy": 0.47157077092301636,
  "macro_f1": 0.3578756368265642,
  "report": {
    "1": {
      "precision": 0.5888151473745852,
      "recall": 0.48387872954764194,
      "f1-score": 0.5312142291098001,
      "support": 12468.0
    },
    "2": {
      "precision": 0.4850043108757236,
      "recall": 0.5356572011562659,
      "f1-score": 0.5090738675845574,
      "support": 29405.0
    },
    "3": {
      "precision": 0.43226326703018203,
      "recall": 0.4636326194398682,
      "f1-score": 0.44739875203688245,
      "support": 24280.0
    },
    "4": {
      "precision": 0.35034367840033326,
      "recall": 0.23012724038856205,
      "f1-score": 0.2777869529314616,
      "support": 7309.0
    },
    "5": {
      "precision": 0.04054054054054054,
      "recall": 0.01694915254237288,
      "f1-score": 0.02390438247011952,
      "support": 177.0
    },
    "accuracy": 0.47157077092301636,
    "macro avg": {
      "precision": 0.3793933888442729,
      "recall": 0.34604898861494215,
      "f1-score": 0.3578756368265642,
      "support": 73639.0
    },
    "weighted avg": {
      "precision": 0.4707571906647769,
      "recall": 0.47157077092301636,
      "f1-score": 0.4683647754449908,
      "support": 73639.0
    }
  },
  "cm": [
    [
      6033,
      4399,
      1737,
      293,
      6
    ],
    [
      2857,
      15751,
      9576,
      1185,
      36
    ],
    [
      1081,
      10337,
      11257,
      1582,
      23
    ],
    [
      268,
      1937,
      3416,
      1682,
      6
    ],
    [
      7,
      52,
      56,
      59,
      3
    ]
  ],
  "label": "RandomForest"
}